Workbook
Name deviazione: Salario!$E$16
Name FiltroDati_Paese: #N/A
Name FiltroDati_Ruolo: #N/A
Name FiltroDati_Salario_annuo__€: #N/A
Name media: Salario!$H$3
Name media_salario: Salario!$F$3
Name mediana: Salario!$E$10
Name Titolo: Calcolatore!$K$5

Sheet Dataset
A1: ID | B1: Nome | C1: Cognome | D1: Ruolo | E1: Città | F1: Paese | G1: Esperienza_anni | H1: Salario_annuo (€) | I1: Data_Assunzione | J1: Tipo_Contratto | K1: Full_Remote | L1: Salario_mensile | M1: Categoria | N1: Salario Top o basso? | O1: Anno assunzione | P1: Nome Completo
A2: 1 | B2: Luca | C2: Rossi | D2: Data Analyst | E2: Milano | F2: Italia | G2: 2 | H2: 32000 | I2: 44635 | J2: Full-Time | K2: SI | L2: =Tabella1[[#This Row],[Salario_annuo (€)]]/12 -> 2666.6667 | M2: {=_xlfn.IFS(Tabella1[[#This Row],[Esperienza_anni]]<3,"Junior",Tabella1[[#This Row],[Esperienza_anni]]<6,"Mid",TRUE,"Senior")} -> Junior | N2: =IF(Tabella1[[#This Row],[Salario_annuo (€)]]>Tabella1[[#Totals],[Salario_annuo (€)]],"Top","Basso") -> Basso | O2: =YEAR(Tabella1[[#This Row],[Data_Assunzione]]) -> 2022 | P2: =Tabella1[[#This Row],[Nome]]&" "&Tabella1[[#This Row],[Cognome]] -> Luca Rossi
A3: 2 | B3: Anna | C3: Bianchi | D3: Data Scientist | E3: Roma | F3: Italia | G3: 5 | H3: 48000 | I3: 44022 | J3: Full-Time | K3: NO | L3: =Tabella1[[#This Row],[Salario_annuo (€)]]/12 -> 4000 | M3: {=_xlfn.IFS(Tabella1[[#This Row],[Esperienza_anni]]<3,"Junior",Tabella1[[#This Row],[Esperienza_anni]]<6,"Mid",TRUE,"Senior")} -> Mid | N3: =IF(Tabella1[[#This Row],[Salario_annuo (€)]]>Tabella1[[#Totals],[Salario_annuo (€)]],"Top","Basso") -> Top | O3: =YEAR(Tabella1[[#This Row],[Data_Assunzione]]) -> 2020 | P3: =Tabella1[[#This Row],[Nome]]&" "&Tabella1[[#This Row],[Cognome]] -> Anna Bianchi
A4: 3 | B4: Marco | C4: Verdi | D4: Data Engineer | E4: Berlino | F4: Germania | G4: 4 | H4: 55000 | I4: 44217 | J4: Full-Time | K4: SI | L4: =Tabella1[[#This Row],[Salario_annuo (€)]]/12 -> 4583.3333 | M4: {=_xlfn.IFS(Tabella1[[#This Row],[Esperienza_anni]]<3,"Junior",Tabella1[[#This Row],[Esperienza_anni]]<6,"Mid",TRUE,"Senior")} -> Mid | N4: =IF(Tabella1[[#This Row],[Salario_annuo (€)]]>Tabella1[[#Totals],[Salario_annuo (€)]],"Top","Basso") -> Top | O4: =YEAR(Tabella1[[#This Row],[Data_Assunzione]]) -> 2021 | P4: =Tabella1[[#This Row],[Nome]]&" "&Tabella1[[#This Row],[Cognome]] -> Marco Verdi
A5: 4 | B5: Sara | C5: Neri | D5: Data Analyst | E5: Madrid | F5: Spagna | G5: 3 | H5: 35000 | I5: 44469 | J5: Part-Time | K5: NO | L5: =Tabella1[[#This Row],[Salario_annuo (€)]]/12 -> 2916.6667 | M5: {=_xlfn.IFS(Tabella1[[#This Row],[Esperienza_anni]]<3,"Junior",Tabella1[[#This Row],[Esperienza_anni]]<6,"Mid",TRUE,"Senior")} -> Mid | N5: =IF(Tabella1[[#This Row],[Salario_annuo (€)]]>Tabella1[[#Totals],[Salario_annuo (€)]],"Top","Basso") -> Basso | O5: =YEAR(Tabella1[[#This Row],[Data_Assunzione]]) -> 2021 | P5: =Tabella1[[#This Row],[Nome]]&" "&Tabella1[[#This Row],[Cognome]] -> Sara Neri
A6: 5 | B6: Paolo | C6: Galli | D6: ML Engineer | E6: Parigi | F6: Francia | G6: 6 | H6: 65000 | I6: 43627 | J6: Full-Time | K6: SI | L6: =Tabella1[[#This Row],[Salario_annuo (€)]]/12 -> 5416.6667 | M6: {=_xlfn.IFS(Tabella1[[#This Row],[Esperienza_anni]]<3,"Junior",Tabella1[[#This Row],[Esperienza_anni]]<6,"Mid",TRUE,"Senior")} -> Senior | N6: =IF(Tabella1[[#This Row],[Salario_annuo (€)]]>Tabella1[[#Totals],[Salario_annuo (€)]],"Top","Basso") -> Top | O6: =YEAR(Tabella1[[#This Row],[Data_Assunzione]]) -> 2019 | P6: =Tabella1[[#This Row],[Nome]]&" "&Tabella1[[#This Row],[Cognome]] -> Paolo Galli
A7: 6 | B7: Giulia | C7: Costa | D7: Data Analyst | E7: Milano | F7: Italia | G7: 1 | H7: 28000 | I7: 44962 | J7: Stage | K7: NO | L7: =Tabella1[[#This Row],[Salario_annuo (€)]]/12 -> 2333.3333 | M7: {=_xlfn.IFS(Tabella1[[#This Row],[Esperienza_anni]]<3,"Junior",Tabella1[[#This Row],[Esperienza_anni]]<6,"Mid",TRUE,"Senior")} -> Junior | N7: =IF(Tabella1[[#This Row],[Salario_annuo (€)]]>Tabella1[[#Totals],[Salario_annuo (€)]],"Top","Basso") -> Basso | O7: =YEAR(Tabella1[[#This Row],[Data_Assunzione]]) -> 2023 | P7: =Tabella1[[#This Row],[Nome]]&" "&Tabella1[[#This Row],[Cognome]] -> Giulia Costa
A8: 7 | B8: Davide | C8: Conti | D8: Data Scientist | E8: Londra | F8: UK | G8: 7 | H8: 70000 | I8: 43422 | J8: Full-Time | K8: SI | L8: =Tabella1[[#This Row],[Salario_annuo (€)]]/12 -> 5833.3333 | M8: {=_xlfn.IFS(Tabella1[[#This Row],[Esperienza_anni]]<3,"Junior",Tabella1[[#This Row],[Esperienza_anni]]<6,"Mid",TRUE,"Senior")} -> Senior | N8: =IF(Tabella1[[#This Row],[Salario_annuo (€)]]>Tabella1[[#Totals],[Salario_annuo (€)]],"Top","Basso") -> Top | O8: =YEAR(Tabella1[[#This Row],[Data_Assunzione]]) -> 2018 | P8: =Tabella1[[#This Row],[Nome]]&" "&Tabella1[[#This Row],[Cognome]] -> Davide Conti
A9: 8 | B9: Elena | C9: Ferri | D9: Data Engineer | E9: Amsterdam | F9: Olanda | G9: 4 | H9: 52000 | I9: 44295 | J9: Full-Time | K9: SI | L9: =Tabella1[[#This Row],[Salario_annuo (€)]]/12 -> 4333.3333 | M9: {=_xlfn.IFS(Tabella1[[#This Row],[Esperienza_anni]]<3,"Junior",Tabella1[[#This Row],[Esperienza_anni]]<6,"Mid",TRUE,"Senior")} -> Mid | N9: =IF(Tabella1[[#This Row],[Salario_annuo (€)]]>Tabella1[[#Totals],[Salario_annuo (€)]],"Top","Basso") -> Top | O9: =YEAR(Tabella1[[#This Row],[Data_Assunzione]]) -> 2021 | P9: =Tabella1[[#This Row],[Nome]]&" "&Tabella1[[#This Row],[Cognome]] -> Elena Ferri
A10: 9 | B10: Fabio | C10: Romano | D10: Data Analyst | E10: Roma | F10: Italia | G10: 2 | H10: 31000 | I10: 44787 | J10: Full-Time | K10: NO | L10: =Tabella1[[#This Row],[Salario_annuo (€)]]/12 -> 2583.3333 | M10: {=_xlfn.IFS(Tabella1[[#This Row],[Esperienza_anni]]<3,"Junior",Tabella1[[#This Row],[Esperienza_anni]]<6,"Mid",TRUE,"Senior")} -> Junior | N10: =IF(Tabella1[[#This Row],[Salario_annuo (€)]]>Tabella1[[#Totals],[Salario_annuo (€)]],"Top","Basso") -> Basso | O10: =YEAR(Tabella1[[#This Row],[Data_Assunzione]]) -> 2022 | P10: =Tabella1[[#This Row],[Nome]]&" "&Tabella1[[#This Row],[Cognome]] -> Fabio Romano
A11: 10 | B11: Marta | C11: Greco | D11: ML Engineer | E11: Berlino | F11: Germania | G11: 5 | H11: 60000 | I11: 44167 | J11: Full-Time | K11: SI | L11: =Tabella1[[#This Row],[Salario_annuo (€)]]/12 -> 5000 | M11: {=_xlfn.IFS(Tabella1[[#This Row],[Esperienza_anni]]<3,"Junior",Tabella1[[#This Row],[Esperienza_anni]]<6,"Mid",TRUE,"Senior")} -> Mid | N11: =IF(Tabella1[[#This Row],[Salario_annuo (€)]]>Tabella1[[#Totals],[Salario_annuo (€)]],"Top","Basso") -> Top | O11: =YEAR(Tabella1[[#This Row],[Data_Assunzione]]) -> 2020 | P11: =Tabella1[[#This Row],[Nome]]&" "&Tabella1[[#This Row],[Cognome]] -> Marta Greco
A12: 11 | B12: Simone | C12: Ricci | D12: Data Scientist | E12: Milano | F12: Italia | G12: 3 | H12: 45000 | I12: 44341 | J12: Full-Time | K12: NO | L12: =Tabella1[[#This Row],[Salario_annuo (€)]]/12 -> 3750 | M12: {=_xlfn.IFS(Tabella1[[#This Row],[Esperienza_anni]]<3,"Junior",Tabella1[[#This Row],[Esperienza_anni]]<6,"Mid",TRUE,"Senior")} -> Mid | N12: =IF(Tabella1[[#This Row],[Salario_annuo (€)]]>Tabella1[[#Totals],[Salario_annuo (€)]],"Top","Basso") -> Basso | O12: =YEAR(Tabella1[[#This Row],[Data_Assunzione]]) -> 2021 | P12: =Tabella1[[#This Row],[Nome]]&" "&Tabella1[[#This Row],[Cognome]] -> Simone Ricci
A13: 12 | B13: Chiara | C13: Leone | D13: Data Analyst | E13: Madrid | F13: Spagna | G13: 2 | H13: 33000 | I13: 44853 | J13: Part-Time | K13: SI | L13: =Tabella1[[#This Row],[Salario_annuo (€)]]/12 -> 2750 | M13: {=_xlfn.IFS(Tabella1[[#This Row],[Esperienza_anni]]<3,"Junior",Tabella1[[#This Row],[Esperienza_anni]]<6,"Mid",TRUE,"Senior")} -> Junior | N13: =IF(Tabella1[[#This Row],[Salario_annuo (€)]]>Tabella1[[#Totals],[Salario_annuo (€)]],"Top","Basso") -> Basso | O13: =YEAR(Tabella1[[#This Row],[Data_Assunzione]]) -> 2022 | P13: =Tabella1[[#This Row],[Nome]]&" "&Tabella1[[#This Row],[Cognome]] -> Chiara Leone
A14: Totale | H14: =SUBTOTAL(101,Tabella1[Salario_annuo (€)]) -> 46166.667 | L14: =SUBTOTAL(109,Tabella1[Salario_mensile]) -> 46166.667
O17: % Remoto o non remoto
O18: Remoto | P18: =COUNTIF(Tabella1[Full_Remote],"SI") -> 7 | Q18: =P18/P20 -> 0.58333333
O19: Non Remoto | P19: =COUNTIF(Tabella1[Full_Remote],"NO") -> 5 | Q19: =P19/P20 -> 0.41666667
O20: TOTALE | P20: =P19+P18 -> 12
B35: {=_xlfn.UNIQUE(Tabella1[[#Headers],[#Data],[Paese]])} -> Paese
B36: Italia | C36: =SUMIF(Tabella1[Paese],B36,Tabella1[Salario_annuo (€)]) -> 184000
B37: Germania | C37: =SUMIF(Tabella1[Paese],B37,Tabella1[Salario_annuo (€)]) -> 115000
B38: Spagna | C38: =SUMIF(Tabella1[Paese],B38,Tabella1[Salario_annuo (€)]) -> 68000
B39: Francia | C39: =SUMIF(Tabella1[Paese],B39,Tabella1[Salario_annuo (€)]) -> 65000
B40: UK | C40: =SUMIF(Tabella1[Paese],B40,Tabella1[Salario_annuo (€)]) -> 70000
B41: Olanda | C41: =SUMIF(Tabella1[Paese],B41,Tabella1[Salario_annuo (€)]) -> 52000

Sheet Calcolatore
G3: DATI UTILI PER OGNI LAVORO
K5: Data Engineer
G9: MEDIA | K9: MEDIANA | O9: DEVIAZIONE STANDARD
G10: =media -> 53500 | K10: =mediana -> 53500 | O10: =deviazione -> 2121.3203

Sheet Validazione
B4: {=_xlfn.UNIQUE(Tabella1[Ruolo])} -> Data Analyst | C4: =COUNTIFS(Tabella1[Ruolo],Validazione!B4) -> 5 | E4: {=_xlfn._xlws.SORT(B4:C7,2,-1)} -> Data Analyst | F4: 5
B5: Data Scientist | C5: =COUNTIFS(Tabella1[Ruolo],Validazione!B5) -> 3 | E5: Data Scientist | F5: 3
B6: Data Engineer | C6: =COUNTIFS(Tabella1[Ruolo],Validazione!B6) -> 2 | E6: Data Engineer | F6: 2
B7: ML Engineer | C7: =COUNTIFS(Tabella1[Ruolo],Validazione!B7) -> 2 | E7: ML Engineer | F7: 2

Sheet Salario
B2: MEDIA
B3: {=_xlfn.UNIQUE(Tabella1[Ruolo])} -> Data Analyst | C3: =AVERAGEIF(Tabella1[Ruolo],Salario!B3,Tabella1[Salario_annuo (€)]) -> 31800 | E3: {=_xlfn._xlws.SORT(B3:C6,2,-1)} -> ML Engineer | F3: 62500 | H3: =_xlfn.XLOOKUP(Titolo,Salario!E3:E6,Salario!F3:F6) -> 53500
B4: Data Scientist | C4: =AVERAGEIF(Tabella1[Ruolo],Salario!B4,Tabella1[Salario_annuo (€)]) -> 54333.333 | E4: Data Scientist | F4: 54333.333
B5: Data Engineer | C5: =AVERAGEIF(Tabella1[Ruolo],Salario!B5,Tabella1[Salario_annuo (€)]) -> 53500 | E5: Data Engineer | F5: 53500
B6: ML Engineer | C6: =AVERAGEIF(Tabella1[Ruolo],Salario!B6,Tabella1[Salario_annuo (€)]) -> 62500 | E6: Data Analyst | F6: 31800
B9: MEDIANA
B10: {=_xlfn.ANCHORARRAY(B3)} -> Data Analyst | C10: {=MEDIAN(IF((Tabella1[Ruolo]=Salario!B10)*(Tabella1[Salario_annuo (€)]<>0),Tabella1[Salario_annuo (€)]))} -> 32000 | E10: {=_xlfn.XLOOKUP(Titolo,_xlfn.ANCHORARRAY(B10),C10:C13)} -> 53500
B11: Data Scientist | C11: {=MEDIAN(IF((Tabella1[Ruolo]=Salario!B11)*(Tabella1[Salario_annuo (€)]<>0),Tabella1[Salario_annuo (€)]))} -> 48000
B12: Data Engineer | C12: {=MEDIAN(IF((Tabella1[Ruolo]=Salario!B12)*(Tabella1[Salario_annuo (€)]<>0),Tabella1[Salario_annuo (€)]))} -> 53500
B13: ML Engineer | C13: {=MEDIAN(IF((Tabella1[Ruolo]=Salario!B13)*(Tabella1[Salario_annuo (€)]<>0),Tabella1[Salario_annuo (€)]))} -> 62500
B15: DEV. STANDARD
B16: {=_xlfn.ANCHORARRAY(B10)} -> Data Analyst | C16: {=_xlfn.STDEV.S(IF((Tabella1[Ruolo]=Salario!B16)*(Tabella1[Salario_annuo (€)]<>0),Tabella1[Salario_annuo (€)]))} -> 2588.4358 | E16: {=_xlfn.XLOOKUP(Titolo,_xlfn.ANCHORARRAY(B16),C16:C19)} -> 2121.3203
B17: Data Scientist | C17: {=_xlfn.STDEV.S(IF((Tabella1[Ruolo]=Salario!B17)*(Tabella1[Salario_annuo (€)]<>0),Tabella1[Salario_annuo (€)]))} -> 13650.397
B18: Data Engineer | C18: {=_xlfn.STDEV.S(IF((Tabella1[Ruolo]=Salario!B18)*(Tabella1[Salario_annuo (€)]<>0),Tabella1[Salario_annuo (€)]))} -> 2121.3203
B19: ML Engineer | C19: {=_xlfn.STDEV.S(IF((Tabella1[Ruolo]=Salario!B19)*(Tabella1[Salario_annuo (€)]<>0),Tabella1[Salario_annuo (€)]))} -> 3535.5339
